site,flask_id,
mp,acegla_HC_HP_HF_T1,11
mp,loninv_HC_HP_HF_T1,6
mp,menfer_HC_HP_HF_T1,10
mp,rhoalb_HC_HP_HF_T1,1
mp,amealn_HC_HP_HF_T10,6
mp,corsto_HC_HP_HF_T10,1
mp,samrac_HC_HP_HF_T10,Ase
mp,symalb_HC_HP_HF_T10,eg
mp,corsto_HC_HP_HF_T11,1
mp,corsto_HC_HP_HF_T11,5
mp,rhoalb_HC_HP_HF_T11,9
mp,vacmem_HC_HP_HF_T11,LL
mp,rhoalb_HC_HP_HF_T12,1
mp,riblac_HC_HP_HF_T12,9
mp,shecan_HC_HP_HF_T12,6
mp,sorsco_HC_HP_HF_T12,10
mp,alninc_HC_HP_HF_T13,bll
mp,amealn_HC_HP_HF_T13,6
mp,popbal_HC_HP_HF_T13,10
mp,riblac_HC_HP_HF_T13,bsf
mp,alnvir_HC_HP_HF_T14,1
mp,amealn_HC_HP_HF_T14,6
mp,spibet_HC_HP_HF_T14,tml
mp,spipyr_HC_HP_HF_T14,2
mp,alnvir_HC_HP_HF_T15,6
mp,poptre_HC_HP_HF_T15,6
mp,rhoalb_HC_HP_HF_T15,1
mp,spibet_HC_HP_HF_T15,
mp,loninv_HC_HP_HF_T16,A
mp,poptre_HC_HP_HF_T16,9
mp,samrac_HC_HP_HF_T16,5
mp,spibet_HC_HP_HF_T16,wjt
mp,acegla_HC_HP_HF_T17,Tml
mp,alninc_HC_HP_HF_T17,4
mp,alninc_HC_HP_HF_T17,5
mp,samrac_HC_HP_HF_T17,5
mp,poptre_HC_HP_HF_T18,6
mp,samrac_HC_HP_HF_T18,3
mp,spipyr_HC_HP_HF_T18,wjt
mp,vibedu_HC_HP_HF_T18,9
mp,shecan_HC_HP_HF_T19,8
mp,symalb_HC_HP_HF_T19,eg
mp,vacmem_HC_HP_HF_T19,ll
mp,vacmem_HC_HP_HF_T19,ll
mp,acegla_HC_HP_HF_T2,
mp,menfer_HC_HP_HF_T2,
mp,menfer_HC_HP_HF_T2,
mp,rhoalb_HC_HP_HF_T2,
mp,menfer_HC_HP_HF_T20,10
mp,rhoalb_HC_HP_HF_T20,11
mp,shecan_HC_HP_HF_T20,8
mp,spipyr_HC_HP_HF_T20,2
mp,acegla_HC_HP_HF_T21,11
mp,sorsco_HC_HP_HF_T21,10
mp,spipyr_HC_HP_HF_T21,wjt
mp,vibedu_HC_HP_HF_T21,9
mp,loninv_HC_HP_HF_T22,A
mp,samrac_HC_HP_HF_T22,6
mp,sorsco_HC_HP_HF_T22,9
mp,spipyr_HC_HP_HF_T22,2
mp,loninv_HC_HP_HF_T23,6
mp,riblac_HC_HP_HF_T23,9
mp,rubpar_HC_HP_HF_T23,sg
mp,symalb_HC_HP_HF_T23,wjt
mp,poptre_HC_HP_HF_T24,G
mp,riblac_HC_HP_HF_T24,csf
mp,shecan_HC_HP_HF_T24,8
mp,vibedu_HC_HP_HF_T24,2
mp,acegla_HC_HP_HF_T25,10
mp,acegla_HC_HP_HF_T25,10
mp,popbal_HC_HP_HF_T25,8
mp,samrac_HC_HP_HF_T25,5
mp,loninv_HC_HP_HF_T26,6
mp,riblac_HC_HP_HF_T26,6
mp,sorsco_HC_HP_HF_T26,10
mp,vibedu_HC_HP_HF_T26,9
mp,amealn_HC_HP_HF_T27,7
mp,rubpar_HC_HP_HF_T27,7
mp,shecan_HC_HP_HF_T27,8
mp,vacmem_HC_HP_HF_T27,tml
mp,alninc_HC_HP_HF_T28,5
mp,amealn_HC_HP_HF_T28,2
mp,spibet_HC_HP_HF_T28,
mp,spipyr_HC_HP_HF_T28,
mp,amealn_HC_HP_HF_T29,8
mp,poptre_HC_HP_HF_T29,9
mp,sorsco_HC_HP_HF_T29,9
mp,vibedu_HC_HP_HF_T29,12
mp,alnvir_HC_HP_HF_T3,1
mp,spibet_HC_HP_HF_T3,x
mp,spibet_HC_HP_HF_T3,x
mp,symalb_HC_HP_HF_T3,x
mp,loninv_HC_HP_HF_T30,8
mp,menfer_HC_HP_HF_T30,4
mp,popbal_HC_HP_HF_T30,6
mp,sorsco_HC_HP_HF_T30,9
mp,acegla_HC_HP_HF_T31,7
mp,amealn_HC_HP_HF_T31,2
mp,shecan_HC_HP_HF_T31,2
mp,shecan_HC_HP_HF_T31,6
mp,menfer_HC_HP_HF_T32,A
mp,spibet_HC_HP_HF_T32,x
mp,vacmem_HC_HP_HF_T32,A
mp,vibedu_HC_HP_HF_T32,12
mp,alninc_HC_HP_HF_T33,ALL
mp,alninc_HC_HP_HF_T33,ALL
mp,amealn_HC_HP_HF_T33,2
mp,rubpar_HC_HP_HF_T33,tml
mp,alnvir_HC_HP_HF_T34,6
mp,loninv_HC_HP_HF_T34,6
mp,riblac_HC_HP_HF_T34,9
mp,samrac_HC_HP_HF_T34,3
mp,popbal_HC_HP_HF_T35,8
mp,rhoalb_HC_HP_HF_T35,4
mp,samrac_HC_HP_HF_T35,
mp,spibet_HC_HP_HF_T35,
mp,alninc_HC_HP_HF_T36,5
mp,corsto_HC_HP_HF_T36,10
mp,poptre_HC_HP_HF_T36,Bski
mp,poptre_HC_HP_HF_T36,bski
mp,popbal_HC_HP_HF_T37,8
mp,rubpar_HC_HP_HF_T37,tml
mp,symalb_HC_HP_HF_T37,w/6
mp,vibedu_HC_HP_HF_T37,5
mp,corsto_HC_HP_HF_T38,10
mp,popbal_HC_HP_HF_T38,8
mp,riblac_HC_HP_HF_T38,4
mp,vacmem_HC_HP_HF_T38,LL
mp,alnvir_HC_HP_HF_T39,6
mp,menfer_HC_HP_HF_T39,10
mp,rhoalb_HC_HP_HF_T39,1
mp,sorsco_HC_HP_HF_T39,10
mp,popbal_HC_HP_HF_T4,8
mp,sorsco_HC_HP_HF_T4,12
mp,symalb_HC_HP_HF_T4,w/6
mp,vacmem_HC_HP_HF_T4,LL
mp,alnvir_HC_HP_HF_T40,6
mp,corsto_HC_HP_HF_T40,2
mp,spipyr_HC_HP_HF_T40,wjt
mp,vibedu_HC_HP_HF_T40,9
mp,alnvir_HC_HP_HF_T5,5
mp,corsto_HC_HP_HF_T5,10
mp,menfer_HC_HP_HF_T5,7
mp,symalb_HC_HP_HF_T5,w/1
mp,loninv_HC_HP_HF_T6,Atml
mp,rubpar_HC_HP_HF_T6,tml
mp,spipyr_HC_HP_HF_T6,
mp,symalb_HC_HP_HF_T6,
mp,alnvir_HC_HP_HF_T7,1
mp,popbal_HC_HP_HF_T7,6
mp,rubpar_HC_HP_HF_T7,tml
mp,shecan_HC_HP_HF_T7,11
mp,acegla_HC_HP_HF_T8,3
mp,alninc_HC_HP_HF_T8,9
mp,poptre_HC_HP_HF_T8,8
mp,rubpar_HC_HP_HF_T8,sg
mp,corsto_HC_HP_HF_T9,2
mp,riblac_HC_HP_HF_T9,9
mp,rubpar_HC_HP_HF_T9,sg
mp,vacmem_HC_HP_HF_T9,wjt
mp,amealn_HC_HP_LF_T1,6
mp,menfer_HC_HP_LF_T1,10
mp,shecan_HC_HP_LF_T1,8
mp,shecan_HC_HP_LF_T1,9
mp,alninc_HC_HP_LF_T10,9
mp,menfer_HC_HP_LF_T10,10
mp,popbal_HC_HP_LF_T10,6
mp,popbal_HC_HP_LF_T10,2
mp,amealn_HC_HP_LF_T11,8
mp,popbal_HC_HP_LF_T11,8
mp,shecan_HC_HP_LF_T11,4
mp,symalb_HC_HP_LF_T11,LL
mp,poptre_HC_HP_LF_T12,G eg
mp,samrac_HC_HP_LF_T12,2
mp,shecan_HC_HP_LF_T12,8
mp,spibet_HC_HP_LF_T12,tml
mp,acegla_HC_HP_LF_T13,3
mp,alninc_HC_HP_LF_T13,9
mp,rhoalb_HC_HP_LF_T13,1
mp,symalb_HC_HP_LF_T13,4
mp,alninc_HC_HP_LF_T14,3
mp,alninc_HC_HP_LF_T14,4
mp,menfer_HC_HP_LF_T14,10
mp,spipyr_HC_HP_LF_T14,2
mp,menfer_HC_HP_LF_T15,
mp,popbal_HC_HP_LF_T15,
mp,spipyr_HC_HP_LF_T15,
mp,symalb_HC_HP_LF_T15,
mp,poptre_HC_HP_LF_T16,8
mp,shecan_HC_HP_LF_T16,6
mp,symalb_HC_HP_LF_T16,9
mp,vibedu_HC_HP_LF_T16,9
mp,corsto_HC_HP_LF_T17,5
mp,rhoalb_HC_HP_LF_T17,11
mp,riblac_HC_HP_LF_T17,csf
mp,rubpar_HC_HP_LF_T17,9
mp,acegla_HC_HP_LF_T18,3
mp,alninc_HC_HP_LF_T18,9
mp,alnvir_HC_HP_LF_T18,6
mp,sorsco_HC_HP_LF_T18,10
mp,poptre_HC_HP_LF_T19,Geg
mp,rubpar_HC_HP_LF_T19,9
mp,symalb_HC_HP_LF_T19,Aeg
mp,vibedu_HC_HP_LF_T19,2
mp,corsto_HC_HP_LF_T2,5
mp,rubpar_HC_HP_LF_T2,9
mp,rubpar_HC_HP_LF_T2,9
mp,sorsco_HC_HP_LF_T2,9
mp,amealn_HC_HP_LF_T20,8
mp,menfer_HC_HP_LF_T20,9
mp,rhoalb_HC_HP_LF_T20,9
mp,sorsco_HC_HP_LF_T20,12
mp,popbal_HC_HP_LF_T21,10
mp,samrac_HC_HP_LF_T21,2
mp,sorsco_HC_HP_LF_T21,9
mp,vibedu_HC_HP_LF_T21,2
mp,loninv_HC_HP_LF_T22,4
mp,loninv_HC_HP_LF_T22,10
mp,riblac_HC_HP_LF_T22,8
mp,spipyr_HC_HP_LF_T22,A
mp,alnvir_HC_HP_LF_T23,5
mp,samrac_HC_HP_LF_T23,5
mp,shecan_HC_HP_LF_T23,4
mp,spipyr_HC_HP_LF_T23,wjt
mp,alninc_HC_HP_LF_T24,
mp,poptre_HC_HP_LF_T24,
mp,spibet_HC_HP_LF_T24,
mp,vibedu_HC_HP_LF_T24,
mp,acegla_HC_HP_LF_T25,5
mp,alnvir_HC_HP_LF_T25,4
mp,corsto_HC_HP_LF_T25,10
mp,menfer_HC_HP_LF_T25,9
mp,acegla_HC_HP_LF_T26,11
mp,alninc_HC_HP_LF_T26,aLl
mp,poptre_HC_HP_LF_T26,6
mp,shecan_HC_HP_LF_T26,11
mp,poptre_HC_HP_LF_T27,Asslope
mp,sorsco_HC_HP_LF_T27,12
mp,vacmem_HC_HP_LF_T27,wjt
mp,vacmem_HC_HP_LF_T27,wjt
mp,amealn_HC_HP_LF_T28,2
mp,rhoalb_HC_HP_LF_T28,11
mp,riblac_HC_HP_LF_T28,5
mp,sorsco_HC_HP_LF_T28,10
mp,poptre_HC_HP_LF_T29,Asslope
mp,riblac_HC_HP_LF_T29,4
mp,spipyr_HC_HP_LF_T29,
mp,spipyr_HC_HP_LF_T29,
mp,popbal_HC_HP_LF_T3,6
mp,poptre_HC_HP_LF_T3,6
mp,spipyr_HC_HP_LF_T3,wjt
mp,vacmem_HC_HP_LF_T3,wjgt
mp,rhoalb_HC_HP_LF_T30,4
mp,riblac_HC_HP_LF_T30,4
mp,riblac_HC_HP_LF_T30,10
mp,vacmem_HC_HP_LF_T30,LL
mp,amealn_HC_HP_LF_T31,2
mp,riblac_HC_HP_LF_T31,8
mp,samrac_HC_HP_LF_T31,10
mp,samrac_HC_HP_LF_T31,10
mp,amealn_HC_HP_LF_T32,2
mp,corsto_HC_HP_LF_T32,2
mp,rhoalb_HC_HP_LF_T32,11
mp,rubpar_HC_HP_LF_T32,sg
mp,corsto_HC_HP_LF_T33,2
mp,loninv_HC_HP_LF_T33,3
mp,shecan_HC_HP_LF_T33,6
mp,vibedu_HC_HP_LF_T33,9
mp,alnvir_HC_HP_LF_T34,4
mp,riblac_HC_HP_LF_T34,3
mp,spibet_HC_HP_LF_T34,
mp,spipyr_HC_HP_LF_T34,
mp,loninv_HC_HP_LF_T35,Atml
mp,loninv_HC_HP_LF_T35,10
mp,sorsco_HC_HP_LF_T35,
mp,vacmem_HC_HP_LF_T35,
mp,corsto_HC_HP_LF_T36,5
mp,corsto_HC_HP_LF_T36,9
mp,popbal_HC_HP_LF_T36,6
mp,vibedu_HC_HP_LF_T36,12
mp,acegla_HC_HP_LF_T37,4
mp,alnvir_HC_HP_LF_T37,7
mp,loninv_HC_HP_LF_T37,10
mp,symalb_HC_HP_LF_T37,1
mp,loninv_HC_HP_LF_T38,4
mp,rubpar_HC_HP_LF_T38,tml
mp,spibet_HC_HP_LF_T38,tml
mp,vacmem_HC_HP_LF_T38,A
mp,alninc_HC_HP_LF_T39,3
mp,amealn_HC_HP_LF_T39,4
mp,spibet_HC_HP_LF_T39,
mp,vibedu_HC_HP_LF_T39,12
mp,menfer_HC_HP_LF_T4,A
mp,samrac_HC_HP_LF_T4,11
mp,spibet_HC_HP_LF_T4,
mp,vacmem_HC_HP_LF_T4,A
mp,acegla_HC_HP_LF_T40,6
mp,acegla_HC_HP_LF_T40,4
mp,rhoalb_HC_HP_LF_T40,1
mp,rhoalb_HC_HP_LF_T40,6
mp,acegla_HC_HP_LF_T5,7
mp,menfer_HC_HP_LF_T5,A
mp,symalb_HC_HP_LF_T5,
mp,symalb_HC_HP_LF_T5,
mp,alnvir_HC_HP_LF_T6,
mp,popbal_HC_HP_LF_T6,
mp,rubpar_HC_HP_LF_T6,
mp,rubpar_HC_HP_LF_T6,
mp,alnvir_HC_HP_LF_T7,2
mp,amealn_HC_HP_LF_T7,8
mp,sorsco_HC_HP_LF_T7,9
mp,vacmem_HC_HP_LF_T7,tml
mp,corsto_HC_HP_LF_T8,10
mp,spibet_HC_HP_LF_T8,
mp,spibet_HC_HP_LF_T8,
mp,vibedu_HC_HP_LF_T8,11
mp,alnvir_HC_HP_LF_T9,5
mp,loninv_HC_HP_LF_T9,10
mp,samrac_HC_HP_LF_T9,7
mp,samrac_HC_HP_LF_T9,7
mp,alninc_HC_LP_HF_T1,5
mp,rhoalb_HC_LP_HF_T1,4
mp,spibet_HC_LP_HF_T1,
mp,symalb_HC_LP_HF_T1,w/1
mp,corsto_HC_LP_HF_T10,1
mp,menfer_HC_LP_HF_T10,7
mp,vacmem_HC_LP_HF_T10,A
mp,vacmem_HC_LP_HF_T10,A
mp,popbal_HC_LP_HF_T11,6
mp,samrac_HC_LP_HF_T11,3
mp,symalb_HC_LP_HF_T11,wjt
mp,vibedu_HC_LP_HF_T11,9
mp,alninc_HC_LP_HF_T12,4
mp,corsto_HC_LP_HF_T12,1
mp,vacmem_HC_LP_HF_T12,A
mp,vibedu_HC_LP_HF_T12,12
mp,rhoalb_HC_LP_HF_T13,11
mp,samrac_HC_LP_HF_T13,7
mp,spibet_HC_LP_HF_T13,
mp,vacmem_HC_LP_HF_T13,A
mp,acegla_HC_LP_HF_T14,7
mp,loninv_HC_LP_HF_T14,8
mp,rhoalb_HC_LP_HF_T14,4
mp,rubpar_HC_LP_HF_T14,tml
mp,loninv_HC_LP_HF_T15,6
mp,poptre_HC_LP_HF_T15,6
mp,sorsco_HC_LP_HF_T15,10
mp,symalb_HC_LP_HF_T15,wjt
mp,alnvir_HC_LP_HF_T16,6
mp,amealn_HC_LP_HF_T16,2
mp,shecan_HC_LP_HF_T16,6
mp,symalb_HC_LP_HF_T16,wjt
mp,loninv_HC_LP_HF_T17,13
mp,poptre_HC_LP_HF_T17,Aski
mp,spibet_HC_LP_HF_T17,
mp,vibedu_HC_LP_HF_T17,11
mp,loninv_HC_LP_HF_T18,13
mp,poptre_HC_LP_HF_T18,Aski
mp,sorsco_HC_LP_HF_T18,12
mp,spipyr_HC_LP_HF_T18,
mp,amealn_HC_LP_HF_T19,2
mp,loninv_HC_LP_HF_T19,8
mp,popbal_HC_LP_HF_T19,11
mp,spibet_HC_LP_HF_T19,
mp,alninc_HC_LP_HF_T2,3
mp,menfer_HC_LP_HF_T2,7
mp,poptre_HC_LP_HF_T2,Aski
mp,vibedu_HC_LP_HF_T2,12
mp,alninc_HC_LP_HF_T20,4
mp,alninc_HC_LP_HF_T20,4
mp,poptre_HC_LP_HF_T20,bski
mp,samrac_HC_LP_HF_T20,7
mp,popbal_HC_LP_HF_T21,11
mp,rhoalb_HC_LP_HF_T21,4
mp,spipyr_HC_LP_HF_T21,
mp,symalb_HC_LP_HF_T21,w/6
mp,alnvir_HC_LP_HF_T22,1
mp,amealn_HC_LP_HF_T22,2
mp,corsto_HC_LP_HF_T22,5
mp,shecan_HC_LP_HF_T22,11
mp,alnvir_HC_LP_HF_T23,6
mp,menfer_HC_LP_HF_T23,10
mp,rhoalb_HC_LP_HF_T23,1
mp,vacmem_HC_LP_HF_T23,wjt
mp,acegla_HC_LP_HF_T24,3
mp,acegla_HC_LP_HF_T24,
mp,sorsco_HC_LP_HF_T24,10
mp,vibedu_HC_LP_HF_T24,9
mp,alnvir_HC_LP_HF_T25,1
mp,corsto_HC_LP_HF_T25,9
mp,riblac_HC_LP_HF_T25,3
mp,shecan_HC_LP_HF_T25,11
mp,alninc_HC_LP_HF_T26,5
mp,alnvir_HC_LP_HF_T26,2
mp,loninv_HC_LP_HF_T26,8
mp,popbal_HC_LP_HF_T26,6
mp,loninv_HC_LP_HF_T27,
mp,shecan_HC_LP_HF_T27,
mp,spibet_HC_LP_HF_T27,
mp,vibedu_HC_LP_HF_T27,
mp,corsto_HC_LP_HF_T28,10
mp,rubpar_HC_LP_HF_T28,sg
mp,sorsco_HC_LP_HF_T28,ll
mp,spipyr_HC_LP_HF_T28,wjt
mp,amealn_HC_LP_HF_T29,6
mp,amealn_HC_LP_HF_T29,7
mp,menfer_HC_LP_HF_T29,4
mp,menfer_HC_LP_HF_T29,10
mp,menfer_HC_LP_HF_T3,A
mp,poptre_HC_LP_HF_T3,5
mp,rhoalb_HC_LP_HF_T3,11
mp,vacmem_HC_LP_HF_T3,A
mp,loninv_HC_LP_HF_T30,8
mp,rhoalb_HC_LP_HF_T30,1
mp,rubpar_HC_LP_HF_T30,sg
mp,samrac_HC_LP_HF_T30,3
mp,alnvir_HC_LP_HF_T31,1
mp,shecan_HC_LP_HF_T31,9
mp,shecan_HC_LP_HF_T31,10
mp,symalb_HC_LP_HF_T31,eg
mp,popbal_HC_LP_HF_T32,8
mp,shecan_HC_LP_HF_T32,4
mp,spibet_HC_LP_HF_T32,wjt
mp,vibedu_HC_LP_HF_T32,11
mp,riblac_HC_LP_HF_T33,asf
mp,rubpar_HC_LP_HF_T33,9
mp,rubpar_HC_LP_HF_T33,9
mp,vacmem_HC_LP_HF_T33,ll
mp,alninc_HC_LP_HF_T34,5
mp,alninc_HC_LP_HF_T34,9
mp,corsto_HC_LP_HF_T34,2
mp,sorsco_HC_LP_HF_T34,10
mp,acegla_HC_LP_HF_T35,5
mp,alnvir_HC_LP_HF_T35,1
mp,rubpar_HC_LP_HF_T35,sf
mp,spipyr_HC_LP_HF_T35,
mp,amealn_HC_LP_HF_T36,1
mp,corsto_HC_LP_HF_T36,2
mp,spipyr_HC_LP_HF_T36,wjt
mp,symalb_HC_LP_HF_T36,wjt
mp,poptre_HC_LP_HF_T37,6
mp,rubpar_HC_LP_HF_T37,sg
mp,spibet_HC_LP_HF_T37,4
mp,spipyr_HC_LP_HF_T37,wjt
mp,riblac_HC_LP_HF_T38,Asfd
mp,samrac_HC_LP_HF_T38,Ase
mp,samrac_HC_LP_HF_T38,6
mp,sorsco_HC_LP_HF_T38,4
mp,menfer_HC_LP_HF_T39,9
mp,popbal_HC_LP_HF_T39,6
mp,popbal_HC_LP_HF_T39,8
mp,rhoalb_HC_LP_HF_T39,9
mp,acegla_HC_LP_HF_T4,5
mp,amealn_HC_LP_HF_T4,2
mp,popbal_HC_LP_HF_T4,2
mp,riblac_HC_LP_HF_T4,3
mp,alnvir_HC_LP_HF_T40,6
mp,amealn_HC_LP_HF_T40,2
mp,rubpar_HC_LP_HF_T40,sg
mp,vibedu_HC_LP_HF_T40,4
mp,acegla_HC_LP_HF_T5,5
mp,riblac_HC_LP_HF_T5,3
mp,samrac_HC_LP_HF_T5,2
mp,spipyr_HC_LP_HF_T5,
mp,acegla_HC_LP_HF_T6,11
mp,menfer_HC_LP_HF_T6,7
mp,samrac_HC_LP_HF_T6,10
mp,sorsco_HC_LP_HF_T6,3
mp,riblac_HC_LP_HF_T7,10
mp,sorsco_HC_LP_HF_T7,12
mp,symalb_HC_LP_HF_T7,LL
mp,vacmem_HC_LP_HF_T7,wjt
mp,corsto_HC_LP_HF_T8,1
mp,poptre_HC_LP_HF_T8,feg
mp,riblac_HC_LP_HF_T8,Asf
mp,shecan_HC_LP_HF_T8,9
mp,acegla_HC_LP_HF_T9,11
mp,riblac_HC_LP_HF_T9,6
mp,spibet_HC_LP_HF_T9,tml
mp,spipyr_HC_LP_HF_T9,wjt
mp,amealn_HC_LP_LF_T1,4
mp,rhoalb_HC_LP_LF_T1,3
mp,samrac_HC_LP_LF_T1,
mp,spibet_HC_LP_LF_T1,tml
mp,alninc_HC_LP_LF_T10,4
mp,rhoalb_HC_LP_LF_T10,4
mp,shecan_HC_LP_LF_T10,11
mp,spibet_HC_LP_LF_T10,tml
mp,alninc_HC_LP_LF_T11,BLL
mp,poptre_HC_LP_LF_T11,Feg'
mp,rubpar_HC_LP_LF_T11,7
mp,samrac_HC_LP_LF_T11,6
mp,menfer_HC_LP_LF_T12,2
mp,poptre_HC_LP_LF_T12,6
mp,symalb_HC_LP_LF_T12,w/9
mp,vibedu_HC_LP_LF_T12,4
mp,acegla_HC_LP_LF_T13,4
mp,alnvir_HC_LP_LF_T13,7
mp,rubpar_HC_LP_LF_T13,sg
mp,vibedu_HC_LP_LF_T13,4
mp,amealn_HC_LP_LF_T14,7
mp,amealn_HC_LP_LF_T14,7
mp,popbal_HC_LP_LF_T14,10
mp,riblac_HC_LP_LF_T14,Bsf
mp,corsto_HC_LP_LF_T15,1
mp,riblac_HC_LP_LF_T15,bsf
mp,rubpar_HC_LP_LF_T15,7
mp,vacmem_HC_LP_LF_T15,LL
mp,acegla_HC_LP_LF_T16,11
mp,alninc_HC_LP_LF_T16,9
mp,corsto_HC_LP_LF_T16,2
mp,spibet_HC_LP_LF_T16,tml
mp,rhoalb_HC_LP_LF_T17,11
mp,riblac_HC_LP_LF_T17,4
mp,rubpar_HC_LP_LF_T17,tml
mp,rubpar_HC_LP_LF_T17,tml
mp,alninc_HC_LP_LF_T18,5
mp,corsto_HC_LP_LF_T18,10
mp,symalb_HC_LP_LF_T18,ll
mp,vibedu_HC_LP_LF_T18,11
mp,popbal_HC_LP_LF_T19,6
mp,poptre_HC_LP_LF_T19,5
mp,rhoalb_HC_LP_LF_T19,3
mp,shecan_HC_LP_LF_T19,2
mp,acegla_HC_LP_LF_T2,11
mp,alnvir_HC_LP_LF_T2,
mp,samrac_HC_LP_LF_T2,4
mp,shecan_HC_LP_LF_T2,6
mp,alnvir_HC_LP_LF_T20,8
mp,loninv_HC_LP_LF_T20,A
mp,rubpar_HC_LP_LF_T20,tmj
mp,sorsco_HC_LP_LF_T20,14
mp,corsto_HC_LP_LF_T21,1
mp,shecan_HC_LP_LF_T21,10
mp,vacmem_HC_LP_LF_T21,LL
mp,vibedu_HC_LP_LF_T21,10
mp,acegla_HC_LP_LF_T22,11
mp,alninc_HC_LP_LF_T22,9
mp,sorsco_HC_LP_LF_T22,8
mp,spipyr_HC_LP_LF_T22,
mp,rubpar_HC_LP_LF_T23,7
mp,samrac_HC_LP_LF_T23,6
mp,symalb_HC_LP_LF_T23,sf
mp,symalb_HC_LP_LF_T23,sf
mp,popbal_HC_LP_LF_T24,10
mp,popbal_HC_LP_LF_T24,10
mp,samrac_HC_LP_LF_T24,6
mp,spibet_HC_LP_LF_T24,tmj
mp,alninc_HC_LP_LF_T25,9
mp,menfer_HC_LP_LF_T25,10
mp,samrac_HC_LP_LF_T25,3
mp,symalb_HC_LP_LF_T25,
mp,menfer_HC_LP_LF_T26,2
mp,poptre_HC_LP_LF_T26,8
mp,rhoalb_HC_LP_LF_T26,1
mp,samrac_HC_LP_LF_T26,4
mp,acegla_HC_LP_LF_T27,10
mp,loninv_HC_LP_LF_T27,Atml
mp,riblac_HC_LP_LF_T27,4
mp,symalb_HC_LP_LF_T27,w/6
mp,acegla_HC_LP_LF_T28,11
mp,alninc_HC_LP_LF_T28,9
mp,rhoalb_HC_LP_LF_T28,11
mp,spipyr_HC_LP_LF_T28,wjt
mp,loninv_HC_LP_LF_T29,A
mp,poptre_HC_LP_LF_T29,Heg
mp,vibedu_HC_LP_LF_T29,4
mp,vibedu_HC_LP_LF_T29,2
mp,acegla_HC_LP_LF_T3,7
mp,popbal_HC_LP_LF_T3,6
mp,sorsco_HC_LP_LF_T3,12
mp,sorsco_HC_LP_LF_T3,13
mp,poptre_HC_LP_LF_T30,6
mp,rhoalb_HC_LP_LF_T30,11
mp,riblac_HC_LP_LF_T30,6
mp,spipyr_HC_LP_LF_T30,wjt
mp,alninc_HC_LP_LF_T31,4
mp,corsto_HC_LP_LF_T31,1
mp,loninv_HC_LP_LF_T31,A
mp,vacmem_HC_LP_LF_T31,LL
mp,loninv_HC_LP_LF_T32,8
mp,riblac_HC_LP_LF_T32,6
mp,symalb_HC_LP_LF_T32,w/9
mp,vacmem_HC_LP_LF_T32,wjt
mp,acegla_HC_LP_LF_T33,11
mp,alnvir_HC_LP_LF_T33,2
mp,amealn_HC_LP_LF_T33,8
mp,vibedu_HC_LP_LF_T33,12
mp,alnvir_HC_LP_LF_T34,1
mp,amealn_HC_LP_LF_T34,6
mp,vacmem_HC_LP_LF_T34,LL
mp,vibedu_HC_LP_LF_T34,2
mp,alnvir_HC_LP_LF_T35,1
mp,sorsco_HC_LP_LF_T35,9
mp,spibet_HC_LP_LF_T35,tml
mp,vacmem_HC_LP_LF_T35,LL
mp,amealn_HC_LP_LF_T36,4
mp,menfer_HC_LP_LF_T36,8
mp,popbal_HC_LP_LF_T36,9
mp,rubpar_HC_LP_LF_T36,sg
mp,amealn_HC_LP_LF_T37,2
mp,shecan_HC_LP_LF_T37,6
mp,sorsco_HC_LP_LF_T37,10
mp,spibet_HC_LP_LF_T37,tml
mp,alnvir_HC_LP_LF_T38,4
mp,corsto_HC_LP_LF_T38,10
mp,corsto_HC_LP_LF_T38,6
mp,popbal_HC_LP_LF_T38,8
mp,menfer_HC_LP_LF_T39,4
mp,poptre_HC_LP_LF_T39,Heg
mp,samrac_HC_LP_LF_T39,Ase
mp,spibet_HC_LP_LF_T39,tml
mp,alnvir_HC_LP_LF_T4,7
mp,corsto_HC_LP_LF_T4,7
mp,rhoalb_HC_LP_LF_T4,1
mp,vacmem_HC_LP_LF_T4,wjt
mp,loninv_HC_LP_LF_T40,A
mp,menfer_HC_LP_LF_T40,4
mp,riblac_HC_LP_LF_T40,Asf
mp,spipyr_HC_LP_LF_T40,2
mp,poptre_HC_LP_LF_T5,Heg
mp,shecan_HC_LP_LF_T5,9
mp,shecan_HC_LP_LF_T5,10
mp,symalb_HC_LP_LF_T5,eg
mp,menfer_HC_LP_LF_T6,2
mp,sorsco_HC_LP_LF_T6,8
mp,spipyr_HC_LP_LF_T6,wjt
mp,spipyr_HC_LP_LF_T6,wjt
mp,menfer_HC_LP_LF_T7,10
mp,popbal_HC_LP_LF_T7,10
mp,sorsco_HC_LP_LF_T7,9
mp,vacmem_HC_LP_LF_T7,ll
mp,loninv_HC_LP_LF_T8,8
mp,riblac_HC_LP_LF_T8,6
mp,shecan_HC_LP_LF_T8,6
mp,spipyr_HC_LP_LF_T8,wjt
mp,amealn_HC_LP_LF_T9,2
mp,loninv_HC_LP_LF_T9,8
mp,spibet_HC_LP_LF_T9,tml
mp,spipyr_HC_LP_LF_T9,wjt
mp,amealn_LC_HP_HF_T1,4
mp,menfer_LC_HP_HF_T1,7
mp,poptre_LC_HP_HF_T1,5
mp,symalb_LC_HP_HF_T1,9
mp,alnvir_LC_HP_HF_T10,8
mp,loninv_LC_HP_HF_T10,A
mp,menfer_LC_HP_HF_T10,10
mp,spipyr_LC_HP_HF_T10,2
mp,acegla_LC_HP_HF_T11,8
mp,alninc_LC_HP_HF_T11,10
mp,amealn_LC_HP_HF_T11,2
mp,vacmem_LC_HP_HF_T11,wjt
mp,poptre_LC_HP_HF_T12,Feg
mp,riblac_LC_HP_HF_T12,Bsf
mp,sorsco_LC_HP_HF_T12,14
mp,spipyr_LC_HP_HF_T12,2
mp,alninc_LC_HP_HF_T13,10
mp,loninv_LC_HP_HF_T13,8
mp,popbal_LC_HP_HF_T13,2
mp,vacmem_LC_HP_HF_T13,wjt
mp,rhoalb_LC_HP_HF_T14,11
mp,sorsco_LC_HP_HF_T14,4
mp,symalb_LC_HP_HF_T14,
mp,vibedu_LC_HP_HF_T14,
mp,amealn_LC_HP_HF_T15,2
mp,menfer_LC_HP_HF_T15,10
mp,rhoalb_LC_HP_HF_T15,11
mp,samrac_LC_HP_HF_T15,7
mp,corsto_LC_HP_HF_T16,8
mp,rhoalb_LC_HP_HF_T16,3
mp,riblac_LC_HP_HF_T16,8
mp,spibet_LC_HP_HF_T16,tml
mp,alninc_LC_HP_HF_T17,bLL
mp,amealn_LC_HP_HF_T17,7
mp,sorsco_LC_HP_HF_T17,14
mp,vibedu_LC_HP_HF_T17,10
mp,loninv_LC_HP_HF_T18,10
mp,riblac_LC_HP_HF_T18,8
mp,spipyr_LC_HP_HF_T18,wjt
mp,spipyr_LC_HP_HF_T18,wjt
mp,acegla_LC_HP_HF_T19,8
mp,alnvir_LC_HP_HF_T19,7
mp,alnvir_LC_HP_HF_T19,5
mp,samrac_LC_HP_HF_T19,8
mp,loninv_LC_HP_HF_T2,A
mp,menfer_LC_HP_HF_T2,4
mp,poptre_LC_HP_HF_T2,Feg
mp,spibet_LC_HP_HF_T2,tml
mp,acegla_LC_HP_HF_T20,3
mp,rhoalb_LC_HP_HF_T20,11
mp,riblac_LC_HP_HF_T20,2
mp,spibet_LC_HP_HF_T20,tml
mp,acegla_LC_HP_HF_T21,4
mp,menfer_LC_HP_HF_T21,7
mp,rhoalb_LC_HP_HF_T21,11
mp,spipyr_LC_HP_HF_T21,
mp,acegla_LC_HP_HF_T22,8
mp,alninc_LC_HP_HF_T22,9
mp,alninc_LC_HP_HF_T22,10
mp,spibet_LC_HP_HF_T22,wjt
mp,alnvir_LC_HP_HF_T23,4
mp,popbal_LC_HP_HF_T23,6
mp,rhoalb_LC_HP_HF_T23,11
mp,vacmem_LC_HP_HF_T23,A
mp,poptre_LC_HP_HF_T24,5
mp,sorsco_LC_HP_HF_T24,13
mp,symalb_LC_HP_HF_T24,9
mp,vacmem_LC_HP_HF_T24,wjt
mp,alninc_LC_HP_HF_T25,BLL
mp,amealn_LC_HP_HF_T25,7
mp,corsto_LC_HP_HF_T25,1
mp,symalb_LC_HP_HF_T25,sf
mp,acegla_LC_HP_HF_T26,7
mp,alnvir_LC_HP_HF_T26,1
mp,vibedu_LC_HP_HF_T26,12
mp,vibedu_LC_HP_HF_T26,12
mp,alninc_LC_HP_HF_T27,10
mp,amealn_LC_HP_HF_T27,10
mp,samrac_LC_HP_HF_T27,8
mp,spibet_LC_HP_HF_T27,tml
mp,acegla_LC_HP_HF_T28,8
mp,corsto_LC_HP_HF_T28,8
mp,popbal_LC_HP_HF_T28,2
mp,vacmem_LC_HP_HF_T28,LL
mp,rubpar_LC_HP_HF_T29,7
mp,shecan_LC_HP_HF_T29,9
mp,shecan_LC_HP_HF_T29,10
mp,symalb_LC_HP_HF_T29,sf
mp,amealn_LC_HP_HF_T3,10
mp,popbal_LC_HP_HF_T3,6
mp,poptre_LC_HP_HF_T3,5
mp,sorsco_LC_HP_HF_T3,13
mp,rubpar_LC_HP_HF_T30,7
mp,samrac_LC_HP_HF_T30,6
mp,symalb_LC_HP_HF_T30,sf
mp,symalb_LC_HP_HF_T30,sf
mp,corsto_LC_HP_HF_T31,1
mp,riblac_LC_HP_HF_T31,sfA
mp,vacmem_LC_HP_HF_T31,LL
mp,vacmem_LC_HP_HF_T31,LL
mp,alninc_LC_HP_HF_T32,10
mp,poptre_LC_HP_HF_T32,5
mp,sorsco_LC_HP_HF_T32,13
mp,spibet_LC_HP_HF_T32,tml
mp,amealn_LC_HP_HF_T33,7
mp,menfer_LC_HP_HF_T33,4
mp,popbal_LC_HP_HF_T33,10
mp,vacmem_LC_HP_HF_T33,LL
mp,menfer_LC_HP_HF_T34,4
mp,popbal_LC_HP_HF_T34,10
mp,rubpar_LC_HP_HF_T34,7
mp,shecan_LC_HP_HF_T34,9
mp,loninv_LC_HP_HF_T35,8
mp,popbal_LC_HP_HF_T35,2
mp,spibet_LC_HP_HF_T35,tml
mp,vibedu_LC_HP_HF_T35,8
mp,alnvir_LC_HP_HF_T36,8
mp,menfer_LC_HP_HF_T36,4
mp,poptre_LC_HP_HF_T36,Feg
mp,rubpar_LC_HP_HF_T36,7
mp,alnvir_LC_HP_HF_T37,8
mp,loninv_LC_HP_HF_T37,A
mp,poptre_LC_HP_HF_T37,feg
mp,vibedu_LC_HP_HF_T37,10
mp,popbal_LC_HP_HF_T38,2
mp,rubpar_LC_HP_HF_T38,sg
mp,samrac_LC_HP_HF_T38,9
mp,shecan_LC_HP_HF_T38,2
mp,acegla_LC_HP_HF_T39,8
mp,corsto_LC_HP_HF_T39,8
mp,samrac_LC_HP_HF_T39,8
mp,shecan_LC_HP_HF_T39,2
mp,corsto_LC_HP_HF_T4,1
mp,shecan_LC_HP_HF_T4,9
mp,shecan_LC_HP_HF_T4,10
mp,symalb_LC_HP_HF_T4,A eg
mp,corsto_LC_HP_HF_T40,8
mp,rhoalb_LC_HP_HF_T40,3
mp,rubpar_LC_HP_HF_T40,sg
mp,shecan_LC_HP_HF_T40,2
mp,alnvir_LC_HP_HF_T5,1
mp,loninv_LC_HP_HF_T5,A
mp,sorsco_LC_HP_HF_T5,14
mp,spipyr_LC_HP_HF_T5,2
mp,corsto_LC_HP_HF_T6,10
mp,loninv_LC_HP_HF_T6,10
mp,riblac_LC_HP_HF_T6,8
mp,rubpar_LC_HP_HF_T6,sg
mp,riblac_LC_HP_HF_T7,2
mp,rubpar_LC_HP_HF_T7,sg
mp,spipyr_LC_HP_HF_T7,wjt
mp,vibedu_LC_HP_HF_T7,11
mp,rhoalb_LC_HP_HF_T8,3
mp,riblac_LC_HP_HF_T8,2
mp,spibet_LC_HP_HF_T8,tml
mp,spipyr_LC_HP_HF_T8,wjt
mp,samrac_LC_HP_HF_T9,Ase
mp,samrac_LC_HP_HF_T9,6
mp,sorsco_LC_HP_HF_T9,4
mp,vibedu_LC_HP_HF_T9,10
mp,amealn_LC_HP_LF_T1,10
mp,menfer_LC_HP_LF_T1,8
mp,poptre_LC_HP_LF_T1,5
mp,rhoalb_LC_HP_LF_T1,1
mp,acegla_LC_HP_LF_T10,7
mp,shecan_LC_HP_LF_T10,11
mp,spipyr_LC_HP_LF_T10,
mp,vacmem_LC_HP_LF_T10,A
mp,menfer_LC_HP_LF_T11,8
mp,shecan_LC_HP_LF_T11,2
mp,spipyr_LC_HP_LF_T11,wjt
mp,vacmem_LC_HP_LF_T11,tml
mp,amealn_LC_HP_LF_T12,6
mp,amealn_LC_HP_LF_T12,6
mp,sorsco_LC_HP_LF_T12,9
mp,sorsco_LC_HP_LF_T12,9
mp,acegla_LC_HP_LF_T13,3
mp,alninc_LC_HP_LF_T13,10
mp,shecan_LC_HP_LF_T13,2
mp,spipyr_LC_HP_LF_T13,wjt
mp,acegla_LC_HP_LF_T14,7
mp,loninv_LC_HP_LF_T14,10
mp,menfer_LC_HP_LF_T14,10
mp,poptre_LC_HP_LF_T14,bski
mp,alninc_LC_HP_LF_T15,4
mp,rubpar_LC_HP_LF_T15,9
mp,spipyr_LC_HP_LF_T15,2
mp,vibedu_LC_HP_LF_T15,2
mp,riblac_LC_HP_LF_T16,10
mp,symalb_LC_HP_LF_T16,LL
mp,vacmem_LC_HP_LF_T16,Tml
mp,vibedu_LC_HP_LF_T16,11
mp,alnvir_LC_HP_LF_T17,1
mp,popbal_LC_HP_LF_T17,10
mp,spibet_LC_HP_LF_T17,tml
mp,symalb_LC_HP_LF_T17,eg
mp,alninc_LC_HP_LF_T18,10
mp,popbal_LC_HP_LF_T18,6
mp,samrac_LC_HP_LF_T18,8
mp,samrac_LC_HP_LF_T18,9
mp,corsto_LC_HP_LF_T19,8
mp,rhoalb_LC_HP_LF_T19,3
mp,vibedu_LC_HP_LF_T19,11
mp,vibedu_LC_HP_LF_T19,8
mp,popbal_LC_HP_LF_T2,10
mp,rhoalb_LC_HP_LF_T2,9
mp,samrac_LC_HP_LF_T2,2
mp,vibedu_LC_HP_LF_T2,7
mp,corsto_LC_HP_LF_T20,1
mp,corsto_LC_HP_LF_T20,5
mp,rhoalb_LC_HP_LF_T20,11
mp,vibedu_LC_HP_LF_T20,7
mp,alnvir_LC_HP_LF_T21,4
mp,rhoalb_LC_HP_LF_T21,3
mp,rubpar_LC_HP_LF_T21,sg
mp,symalb_LC_HP_LF_T21,ll
mp,alnvir_LC_HP_LF_T22,1
mp,alnvir_LC_HP_LF_T22,3
mp,samrac_LC_HP_LF_T22,2
mp,vacmem_LC_HP_LF_T22,tml
mp,loninv_LC_HP_LF_T23,10
mp,poptre_LC_HP_LF_T23,6
mp,rubpar_LC_HP_LF_T23,tml
mp,sorsco_LC_HP_LF_T23,Asf
mp,amealn_LC_HP_LF_T24,4
mp,popbal_LC_HP_LF_T24,9
mp,sorsco_LC_HP_LF_T24,8
mp,sorsco_LC_HP_LF_T24,13
mp,corsto_LC_HP_LF_T25,1
mp,loninv_LC_HP_LF_T25,Atml
mp,spibet_LC_HP_LF_T25,
mp,spipyr_LC_HP_LF_T25,
mp,alnvir_LC_HP_LF_T26,4
mp,poptre_LC_HP_LF_T26,5
mp,rhoalb_LC_HP_LF_T26,3
mp,riblac_LC_HP_LF_T26,10
mp,popbal_LC_HP_LF_T27,6
mp,poptre_LC_HP_LF_T27,5
mp,rhoalb_LC_HP_LF_T27,11
mp,riblac_LC_HP_LF_T27,11
mp,menfer_LC_HP_LF_T28,10
mp,riblac_LC_HP_LF_T28,csf
mp,spipyr_LC_HP_LF_T28,2
mp,spipyr_LC_HP_LF_T28,2
mp,rhoalb_LC_HP_LF_T29,9
mp,riblac_LC_HP_LF_T29,Dsf
mp,sorsco_LC_HP_LF_T29,9
mp,symalb_LC_HP_LF_T29,eg
mp,popbal_LC_HP_LF_T3,6
mp,rubpar_LC_HP_LF_T3,sg
mp,spibet_LC_HP_LF_T3,
mp,vibedu_LC_HP_LF_T3,atml
mp,alnvir_LC_HP_LF_T30,7
mp,alnvir_LC_HP_LF_T30,5
mp,loninv_LC_HP_LF_T30,8
mp,symalb_LC_HP_LF_T30,9
mp,corsto_LC_HP_LF_T31,5
mp,poptre_LC_HP_LF_T31,Geg
mp,spibet_LC_HP_LF_T31,tml
mp,symalb_LC_HP_LF_T31,eg
mp,alnvir_LC_HP_LF_T32,5
mp,loninv_LC_HP_LF_T32,8
mp,riblac_LC_HP_LF_T32,11
mp,symalb_LC_HP_LF_T32,9
mp,alninc_LC_HP_LF_T33,4
mp,shecan_LC_HP_LF_T33,8
mp,sorsco_LC_HP_LF_T33,9
mp,vacmem_LC_HP_LF_T33,tml
mp,corsto_LC_HP_LF_T34,10
mp,loninv_LC_HP_LF_T34,4
mp,poptre_LC_HP_LF_T34,Beg-juv
mp,rubpar_LC_HP_LF_T34,sg
mp,acegla_LC_HP_LF_T35,3
mp,corsto_LC_HP_LF_T35,10
mp,loninv_LC_HP_LF_T35,10
mp,vacmem_LC_HP_LF_T35,LL
mp,acegla_LC_HP_LF_T36,11
mp,acegla_LC_HP_LF_T36,4
mp,amealn_LC_HP_LF_T36,2
mp,vibedu_LC_HP_LF_T36,11
mp,menfer_LC_HP_LF_T37,7
mp,samrac_LC_HP_LF_T37,8
mp,shecan_LC_HP_LF_T37,2
mp,vacmem_LC_HP_LF_T37,11
mp,acegla_LC_HP_LF_T38,11
mp,acegla_LC_HP_LF_T38,11
mp,rubpar_LC_HP_LF_T38,tml
mp,shecan_LC_HP_LF_T38,11
mp,amealn_LC_HP_LF_T39,7
mp,menfer_LC_HP_LF_T39,10
mp,poptre_LC_HP_LF_T39,Geg
mp,spibet_LC_HP_LF_T39,tml
mp,alninc_LC_HP_LF_T4,10
mp,popbal_LC_HP_LF_T4,2
mp,spibet_LC_HP_LF_T4,tml
mp,spibet_LC_HP_LF_T4,tml
mp,alninc_LC_HP_LF_T40,10
mp,samrac_LC_HP_LF_T40,8
mp,shecan_LC_HP_LF_T40,4
mp,symalb_LC_HP_LF_T40,9
mp,loninv_LC_HP_LF_T5,10
mp,riblac_LC_HP_LF_T5,3
mp,rubpar_LC_HP_LF_T5,tml
mp,samrac_LC_HP_LF_T5,11
mp,alninc_LC_HP_LF_T6,3
mp,alninc_LC_HP_LF_T6,4
mp,amealn_LC_HP_LF_T6,6
mp,rubpar_LC_HP_LF_T6,9
mp,menfer_LC_HP_LF_T7,8
mp,riblac_LC_HP_LF_T7,6
mp,sorsco_LC_HP_LF_T7,13
mp,vacmem_LC_HP_LF_T7,11
mp,amealn_LC_HP_LF_T8,2
mp,corsto_LC_HP_LF_T8,6
mp,menfer_LC_HP_LF_T8,8
mp,popbal_LC_HP_LF_T8,9
mp,samrac_LC_HP_LF_T9,8
mp,shecan_LC_HP_LF_T9,6
mp,spibet_LC_HP_LF_T9,tml
mp,spipyr_LC_HP_LF_T9,wjt
mp,amealn_LC_LP_HF_T1,8
mp,corsto_LC_LP_HF_T1,10
mp,riblac_LC_LP_HF_T1,C sf
mp,symalb_LC_LP_HF_T1,LL
mp,alnvir_LC_LP_HF_T10,3
mp,riblac_LC_LP_HF_T10,dsf
mp,sorsco_LC_LP_HF_T10,9
mp,spipyr_LC_LP_HF_T10,2
mp,amealn_LC_LP_HF_T11,8
mp,poptre_LC_LP_HF_T11,5
mp,poptre_LC_LP_HF_T11,5
mp,spipyr_LC_LP_HF_T11,wjt
mp,alnvir_LC_LP_HF_T12,7
mp,amealn_LC_LP_HF_T12,10
mp,shecan_LC_LP_HF_T12,6
mp,spipyr_LC_LP_HF_T12,wjt
mp,acegla_LC_LP_HF_T13,4
mp,alninc_LC_LP_HF_T13,5
mp,riblac_LC_LP_HF_T13,6
mp,rubpar_LC_LP_HF_T13,sg
mp,alninc_LC_LP_HF_T14,4
mp,shecan_LC_LP_HF_T14,8
mp,shecan_LC_LP_HF_T14,9
mp,vibedu_LC_LP_HF_T14,7
mp,alninc_LC_LP_HF_T15,5
mp,loninv_LC_LP_HF_T15,Atml
mp,spibet_LC_LP_HF_T15,
mp,vibedu_LC_LP_HF_T15,3
mp,alnvir_LC_LP_HF_T16,3
mp,corsto_LC_LP_HF_T16,5
mp,popbal_LC_LP_HF_T16,10
mp,spipyr_LC_LP_HF_T16,2
mp,amealn_LC_LP_HF_T17,8
mp,menfer_LC_LP_HF_T17,9
mp,symalb_LC_LP_HF_T17,LL
mp,vacmem_LC_LP_HF_T17,LL
mp,corsto_LC_LP_HF_T18,9
mp,rubpar_LC_LP_HF_T18,tml
mp,vacmem_LC_LP_HF_T18,A
mp,vibedu_LC_LP_HF_T18,Atml
mp,rhoalb_LC_LP_HF_T19,3
mp,riblac_LC_LP_HF_T19,11
mp,sorsco_LC_LP_HF_T19,8
mp,sorsco_LC_LP_HF_T19,13
mp,amealn_LC_LP_HF_T2,2
mp,menfer_LC_LP_HF_T2,4
mp,rubpar_LC_LP_HF_T2,sg
mp,shecan_LC_LP_HF_T2,11
mp,rhoalb_LC_LP_HF_T20,1
mp,rhoalb_LC_LP_HF_T20,3
mp,samrac_LC_LP_HF_T20,8
mp,shecan_LC_LP_HF_T20,4
mp,acegla_LC_LP_HF_T21,5
mp,popbal_LC_LP_HF_T21,8
mp,spibet_LC_LP_HF_T21,
mp,symalb_LC_LP_HF_T21,LL
mp,alnvir_LC_LP_HF_T22,3
mp,popbal_LC_LP_HF_T22,10
mp,riblac_LC_LP_HF_T22,dsf
mp,shecan_LC_LP_HF_T22,10
mp,alnvir_LC_LP_HF_T23,4
mp,loninv_LC_LP_HF_T23,Atml
mp,symalb_LC_LP_HF_T23,w/6
mp,vacmem_LC_LP_HF_T23,tml
mp,acegla_LC_LP_HF_T24,10
mp,loninv_LC_LP_HF_T24,atml
mp,menfer_LC_LP_HF_T24,10
mp,vacmem_LC_LP_HF_T24,A
mp,spibet_LC_LP_HF_T25,WJT
mp,spibet_LC_LP_HF_T25,WJT
mp,spipyr_LC_LP_HF_T25,WJT
mp,symalb_LC_LP_HF_T25,LL
mp,corsto_LC_LP_HF_T26,6
mp,samrac_LC_LP_HF_T26,8
mp,spibet_LC_LP_HF_T26,tml
mp,vibedu_LC_LP_HF_T26,11
mp,acegla_LC_LP_HF_T27,10
mp,amealn_LC_LP_HF_T27,2
mp,samrac_LC_LP_HF_T27,5
mp,vibedu_LC_LP_HF_T27,Atml
mp,rhoalb_LC_LP_HF_T28,9
mp,riblac_LC_LP_HF_T28,C sf
mp,samrac_LC_LP_HF_T28,4
mp,spibet_LC_LP_HF_T28,
mp,loninv_LC_LP_HF_T29,8
mp,menfer_LC_LP_HF_T29,8
mp,popbal_LC_LP_HF_T29,6
mp,vibedu_LC_LP_HF_T29,11
mp,acegla_LC_LP_HF_T3,3
mp,alninc_LC_LP_HF_T3,5
mp,rhoalb_LC_LP_HF_T3,9
mp,vibedu_LC_LP_HF_T3,7
mp,loninv_LC_LP_HF_T30,A -ss
mp,popbal_LC_LP_HF_T30,8
mp,rhoalb_LC_LP_HF_T30,4
mp,sorsco_LC_LP_HF_T30,1
mp,alninc_LC_LP_HF_T31,4
mp,poptre_LC_LP_HF_T31,Geg
mp,poptre_LC_LP_HF_T31,beg
mp,shecan_LC_LP_HF_T31,10
mp,poptre_LC_LP_HF_T32,6
mp,rubpar_LC_LP_HF_T32,sg
mp,samrac_LC_LP_HF_T32,4
mp,vacmem_LC_LP_HF_T32,wjt
mp,poptre_LC_LP_HF_T33,6
mp,rubpar_LC_LP_HF_T33,tml
mp,symalb_LC_LP_HF_T33,w/6
mp,vacmem_LC_LP_HF_T33,tml
mp,amealn_LC_LP_HF_T34,4
mp,loninv_LC_LP_HF_T34,4
mp,poptre_LC_LP_HF_T34,6
mp,spipyr_LC_LP_HF_T34,A
mp,acegla_LC_LP_HF_T35,7
mp,corsto_LC_LP_HF_T35,5
mp,loninv_LC_LP_HF_T35,4
mp,menfer_LC_LP_HF_T35,7
mp,corsto_LC_LP_HF_T36,6
mp,loninv_LC_LP_HF_T36,8
mp,rhoalb_LC_LP_HF_T36,1
mp,vibedu_LC_LP_HF_T36,11
mp,acegla_LC_LP_HF_T37,7
mp,menfer_LC_LP_HF_T37,ALL\
mp,rubpar_LC_LP_HF_T37,SG
mp,sorsco_LC_LP_HF_T37,1
mp,acegla_LC_LP_HF_T38,9
mp,riblac_LC_LP_HF_T38,6
mp,spibet_LC_LP_HF_T38,
mp,spipyr_LC_LP_HF_T38,
mp,corsto_LC_LP_HF_T39,5
mp,popbal_LC_LP_HF_T39,10
mp,samrac_LC_LP_HF_T39,2
mp,spibet_LC_LP_HF_T39,tml
mp,alninc_LC_LP_HF_T4,5
mp,amealn_LC_LP_HF_T4,2
mp,menfer_LC_LP_HF_T4,8
mp,vacmem_LC_LP_HF_T4,wjt
mp,menfer_LC_LP_HF_T40,7
mp,rhoalb_LC_LP_HF_T40,11
mp,shecan_LC_LP_HF_T40,2
mp,symalb_LC_LP_HF_T40,eg
mp,popbal_LC_LP_HF_T5,6
mp,rubpar_LC_LP_HF_T5,tml
mp,samrac_LC_LP_HF_T5,5
mp,spipyr_LC_LP_HF_T5,2
mp,alninc_LC_LP_HF_T6,5
mp,alninc_LC_LP_HF_T6,3
mp,popbal_LC_LP_HF_T6,10
mp,riblac_LC_LP_HF_T6,8
mp,alnvir_LC_LP_HF_T7,7
mp,corsto_LC_LP_HF_T7,6
mp,poptre_LC_LP_HF_T7,6
mp,sorsco_LC_LP_HF_T7,8
mp,alnvir_LC_LP_HF_T8,4
mp,alnvir_LC_LP_HF_T8,7
mp,rubpar_LC_LP_HF_T8,tml
mp,sorsco_LC_LP_HF_T8,9
mp,samrac_LC_LP_HF_T9,4
mp,sorsco_LC_LP_HF_T9,12
mp,symalb_LC_LP_HF_T9,LL
mp,vacmem_LC_LP_HF_T9,LL
mp,acegla_LC_LP_LF_T1,7
mp,alninc_LC_LP_LF_T1,ALL
mp,corsto_LC_LP_LF_T1,9
mp,spibet_LC_LP_LF_T1,tml
mp,popbal_LC_LP_LF_T10,6
mp,rhoalb_LC_LP_LF_T10,3
mp,shecan_LC_LP_LF_T10,4
mp,spipyr_LC_LP_LF_T10,wjt
mp,corsto_LC_LP_LF_T11,9
mp,loninv_LC_LP_LF_T11,
mp,rhoalb_LC_LP_LF_T11,
mp,rubpar_LC_LP_LF_T11,
mp,acegla_LC_LP_LF_T12,7
mp,loninv_LC_LP_LF_T12,4
mp,rubpar_LC_LP_LF_T12,tml
mp,samrac_LC_LP_LF_T12,11
mp,amealn_LC_LP_LF_T13,
mp,rubpar_LC_LP_LF_T13,
mp,sorsco_LC_LP_LF_T13,
mp,spipyr_LC_LP_LF_T13,
mp,alninc_LC_LP_LF_T14,ALL
mp,alninc_LC_LP_LF_T14,5
mp,popbal_LC_LP_LF_T14,8
mp,symalb_LC_LP_LF_T14,eg
mp,alnvir_LC_LP_LF_T15,2
mp,corsto_LC_LP_LF_T15,10
mp,loninv_LC_LP_LF_T15,8
mp,spipyr_LC_LP_LF_T15,2
mp,menfer_LC_LP_LF_T16,ALL
mp,menfer_LC_LP_LF_T16,ALL
mp,rubpar_LC_LP_LF_T16,tml
mp,spibet_LC_LP_LF_T16,
mp,amealn_LC_LP_LF_T17,1
mp,corsto_LC_LP_LF_T17,6
mp,poptre_LC_LP_LF_T17,6
mp,samrac_LC_LP_LF_T17,4
mp,poptre_LC_LP_LF_T18,5
mp,riblac_LC_LP_LF_T18,8
mp,symalb_LC_LP_LF_T18,eg
mp,vibedu_LC_LP_LF_T18,7
mp,corsto_LC_LP_LF_T19,10
mp,loninv_LC_LP_LF_T19,8
mp,loninv_LC_LP_LF_T19,120
mp,shecan_LC_LP_LF_T19,11
mp,alninc_LC_LP_LF_T2,5
mp,spibet_LC_LP_LF_T2,tml
mp,spibet_LC_LP_LF_T2,tml
mp,vibedu_LC_LP_LF_T2,4
mp,acegla_LC_LP_LF_T20,7
mp,alninc_LC_LP_LF_T20,ALL
mp,menfer_LC_LP_LF_T20,A
mp,vacmem_LC_LP_LF_T20,tml
mp,acegla_LC_LP_LF_T21,4
mp,samrac_LC_LP_LF_T21,2
mp,sorsco_LC_LP_LF_T21,9
mp,vibedu_LC_LP_LF_T21,Atml
mp,rubpar_LC_LP_LF_T22,sg
mp,spibet_LC_LP_LF_T22,tml
mp,spipyr_LC_LP_LF_T22,wjt
mp,vacmem_LC_LP_LF_T22,wjt
mp,acegla_LC_LP_LF_T23,3
mp,amealn_LC_LP_LF_T23,10
mp,poptre_LC_LP_LF_T23,Aski
mp,shecan_LC_LP_LF_T23,11
mp,menfer_LC_LP_LF_T24,7
mp,riblac_LC_LP_LF_T24,sfc
mp,samrac_LC_LP_LF_T24,11
mp,vacmem_LC_LP_LF_T24,LL
mp,acegla_LC_LP_LF_T25,3
mp,spibet_LC_LP_LF_T25,tml
mp,symalb_LC_LP_LF_T25,eg
mp,vibedu_LC_LP_LF_T25,Atml
mp,amealn_LC_LP_LF_T26,2
mp,spibet_LC_LP_LF_T26,
mp,spipyr_LC_LP_LF_T26,
mp,vibedu_LC_LP_LF_T26,14
mp,acegla_LC_LP_LF_T27,4
mp,shecan_LC_LP_LF_T27,4
mp,sorsco_LC_LP_LF_T27,8
mp,spipyr_LC_LP_LF_T27,wjt
mp,acegla_LC_LP_LF_T28,11
mp,alninc_LC_LP_LF_T28,9
mp,amealn_LC_LP_LF_T28,1
mp,riblac_LC_LP_LF_T28,6
mp,alnvir_LC_LP_LF_T29,2
mp,symalb_LC_LP_LF_T29,eg
mp,vacmem_LC_LP_LF_T29,tml
mp,vibedu_LC_LP_LF_T29,A
mp,alnvir_LC_LP_LF_T3,2
mp,rubpar_LC_LP_LF_T3,tml
mp,samrac_LC_LP_LF_T3,10
mp,shecan_LC_LP_LF_T3,11
mp,popbal_LC_LP_LF_T30,8
mp,poptre_LC_LP_LF_T30,6
mp,rubpar_LC_LP_LF_T30,tml
mp,sorsco_LC_LP_LF_T30,1
mp,loninv_LC_LP_LF_T31,8
mp,samrac_LC_LP_LF_T31,4
mp,shecan_LC_LP_LF_T31,6
mp,symalb_LC_LP_LF_T31,w/9
mp,popbal_LC_LP_LF_T32,11
mp,rhoalb_LC_LP_LF_T32,4
mp,shecan_LC_LP_LF_T32,4
mp,vibedu_LC_LP_LF_T32,14
mp,alninc_LC_LP_LF_T33,ALL
mp,alnvir_LC_LP_LF_T33,2
mp,corsto_LC_LP_LF_T33,9
mp,popbal_LC_LP_LF_T33,8
mp,amealn_LC_LP_LF_T34,2
mp,popbal_LC_LP_LF_T34,11
mp,sorsco_LC_LP_LF_T34,1
mp,vacmem_LC_LP_LF_T34,LL
mp,poptre_LC_LP_LF_T35,6
mp,riblac_LC_LP_LF_T35,6
mp,rubpar_LC_LP_LF_T35,sg
mp,samrac_LC_LP_LF_T35,4
mp,poptre_LC_LP_LF_T36,6
mp,rhoalb_LC_LP_LF_T36,4
mp,samrac_LC_LP_LF_T36,10
mp,symalb_LC_LP_LF_T36,w/6
mp,alnvir_LC_LP_LF_T37,10
mp,poptre_LC_LP_LF_T37,Aski
mp,rhoalb_LC_LP_LF_T37,9
mp,vibedu_LC_LP_LF_T37,Atml
mp,alnvir_LC_LP_LF_T38,A
mp,amealn_LC_LP_LF_T38,8
mp,menfer_LC_LP_LF_T38,2
mp,symalb_LC_LP_LF_T38,eg
mp,alnvir_LC_LP_LF_T39,2
mp,riblac_LC_LP_LF_T39,8
mp,riblac_LC_LP_LF_T39,8
mp,symalb_LC_LP_LF_T39,eg
mp,menfer_LC_LP_LF_T4,2
mp,menfer_LC_LP_LF_T4,7
mp,menfer_LC_LP_LF_T4,8
mp,sorsco_LC_LP_LF_T4,8
mp,popbal_LC_LP_LF_T40,6
mp,poptre_LC_LP_LF_T40,5
mp,rhoalb_LC_LP_LF_T40,9
mp,sorsco_LC_LP_LF_T40,9
mp,alnvir_LC_LP_LF_T5,2
mp,loninv_LC_LP_LF_T5,Atml
mp,spibet_LC_LP_LF_T5,tml
mp,vacmem_LC_LP_LF_T5,tml
mp,amealn_LC_LP_LF_T6,2
mp,riblac_LC_LP_LF_T6,4
mp,shecan_LC_LP_LF_T6,4
mp,vacmem_LC_LP_LF_T6,LL
mp,corsto_LC_LP_LF_T7,9
mp,popbal_LC_LP_LF_T7,2
mp,rhoalb_LC_LP_LF_T7,11
mp,vacmem_LC_LP_LF_T7,wjt
mp,corsto_LC_LP_LF_T8,9
mp,loninv_LC_LP_LF_T8,8
mp,sorsco_LC_LP_LF_T8,9
mp,spipyr_LC_LP_LF_T8,eg
mp,alninc_LC_LP_LF_T9,5
mp,rhoalb_LC_LP_LF_T9,11
mp,riblac_LC_LP_LF_T9,
mp,spipyr_LC_LP_LF_T9,eg